"Nv nhiệt tình, phòng ở sạch sẽ, tiện nghi, vị trí khá thuận tiện cho việc di chuyển đến các địa điểm ăn",positive
" Đi bộ ra biển gần, tiện đi lại",positive
"Tất cả mọi thứ đều sạch sẽ, giường ngủ rất thoải mái.",positive
" Giường sạch sẽ, thoải mái, đầy đủ thiết bị cần thiết, ăn cũng trang bị sẵn nếu bạn lười",positive
"ng ốc mới, sang trọng, giường thoải mái, sạch sẽ ",positive
"Phòng đẹp , sạch sẽ và gần biển . Nhân viên dễ thương .",positive
"Rộng rãi, sạch sẽ.",positive
" nhân viên vui vẻ nhiệt tình , giá cả hợp lý cho một khách sạn gần biển .",positive
"Phòng không có view biển như lúc đặt , Tv hay mất cáp .",negative
"Khăn tắm cũ, dơ. Đồ dùng trong toilet là đồ sử dụng lại. Không phải đồ nguyên seal",negative
Chỗ để xe hơi chật chọi,negative
Phòng tắm chưa chia được ko gian khô và ướt,negative
 Không có quạt điện mà chỉ có điều hòa nên có chút bất tiện.,negative
Phòng có gián,negative
"Ga giường không sạch, nhân viên quên dọn phòng một ngày.",negative
Tuyệt vời trên tất cả. Một kỳ nghĩ thú vị với tôi. Nhân viên thân thiện nhiệt tình. Phòng ốc sạch sẽ. Gần biển chỉ 3 phút đi bộ.tôi rất hài lòng về nơi này Rất tiếc là tôi không thể ở lâu hơn nữa,positive
"khi nhận phòng hơi mùi thuốc tẩy javen nên hơi ngạt thở, ở 2 hôm mới thấy đỡ mùi",negative
 khách sạn nhỏ nhưng rất đẹp và sang trọng ,neutral
Có chỗ trong phòng không bắt được wifi,neutral
 Phòng view biển nhưng cửa sổ view biển khá bé,neutral
 Nếu lần sau thay đổi thì mình sẽ đến lại vì giá ok.,positive
"Khách sạn mới xây, nội thất còn rất mới. Mình book được phòng nằm ngay tầng trệt, cửa gỗ khá chắc chắn. Wifi + nước mạnh,. Lễ tân nhiệt tình, vui vẻ, hôm đầu tiên vào nhận phòng lễ tân có nói rõ nước nào tính tiền và free (cảm giác khá rõ ràng), phòng rất sạch và thơm. Ngày nào đi chơi về cũng như có cô tấm mới xuất hiện :)) . Khách sạn cách cửa hàng tiện lợi vài ba căn, nằm rất gần biển (khoảng 5p đi bộ). Khách sạn còn cho gửi đồ lại dù đã trả phòng nữa. Cảm giác rất dễ chịu. ",positive
"Khách sạn gần biển nên buổi tối chỉ cần rảnh là ra được biển chơi.  Gần đây còn có quá Tiện lợi 24h bán nhiều đồ Hàn, thỉnh thoảng ra đấy ăn mì, xì sụp như phim :D Bọn mình rất ấn tượng khi nhìn thấy căn phòng: Sạch sẽ, đẹp, đầy đủ tiện nghi,.. nói chung là đẹp như ảnh.",positive
"Khách sạn gần biển. Phòng khá ổn so với giá tiền, mình cho là khá đầy đủ tiện nghi và sạch sẽ (có máy sấy tóc, ấm đun sẵn trong phòng, cả wifi và nước nóng đều tốt). Cả 2 bạn Lễ tân đều rất nhiệt tình và thân thiện.",positive
"Mình ở phòng 301 sau đó chuyển qua 601, đều là 2 phòng phía đầu. Phòng rất mới, đẹp, thoáng và rất tiện. Nhân viên thì cực kì ưng luôn, thân thiện hết mức. ",positive
"Khách sạn sạch sẽ, thoáng mát, vị trí gần biển , đi bộ khoảng 3p, cách trung tâm thành phố không xa lắm. Nhân viên thân thiện, cởi mở, hòa đồng Wifi, nước nóng lạnh đầy đủ Khách sạn An hội là một trong những khách sạn tuyệt vời mà tôi từng ghé thăm. I Like so much !!! Cảm ơn khách sạn đã cho tôi một kỳ nghĩ thật tuyệt vời",positive
"Phòng khá là sạch sẽ và mới, dễ thương. Giá rẻ và khá hợp lý cho các nhóm du lịch từ 4 người.",positive
" phòng sạch sẽ, tiện nghi đầy đủ, lễ tân vui vẻ nhiệt tình",positive
Nhân viên lễ tân hay không có mặt ở quầy nên đôi lúc cần việc thì hơi khó khăn tí.,negative
"Từ khi vào ở đến lúc check out lễ tân đều đi ngủ trong phòng không ra tiếp khách. Làm mình phải kêu rất nhiều. Điện thoại bàn không gọi được cho lễ tân. Và tệ nhất là không gạc công tắt máy lạnh, mình phải xuống tận lễ tân yêu cầu.",negative
"Không giống như quảng cáo và đánh giá trên booking. Đặt phòng suite nhưng vì hết nên cho lên phòng cao nhất nằm phía sau, k có cửa kính ban công như đã Book trước đó. Chúng tôi được yêu cầu không động vào giường bên cạnh vì giá đặt là phòng 1 giường. Ok không sao nhưng phòng quá nhiều muỗi. Mình mang theo bé 3 tháng phải trả phòng trong đêm vì muỗi quá nhiều không thể ngủ được. Toilet bẩn, bàn trà bẩn, lau không sạch, còn rất nhiều vết trà và cà phê cũ. Nền gạch rít do không lau. Không có ly uống nước, mặc dù đi thang máy xuống nhiều lần nhưng ks bảo không có ly. Trong khi lại để trà và cà phê trên bàn. Theo đánh giá khen trên booking đa phần nói nội thất mới mình không hề thấy mới. Rất cũ kĩ. Phòng thì rộng và đẹp, ",negative
" phòng thiếu ánh sáng trắng, nên hơi tối",negative
"tình Vệ sinh phòng còn bẩn, góc cạnh bàn còn tóc. Toalet nhỏ, còn mùi.",negative
"Phòng đúng là cách âm không được tốt. Cô dọn phòng cũng quên để các loại khăn và nước free cho phòng mình. Nhưng mà mấy bạn lễ tân dễ thương lắm, ra nói cô quên cái là mấy bạn lấy đưa liền. Nói chung với giá mình book được so với tiện nghi thì không còn gì để chê trách.",neutral
giá cũng rẻ nhưng quá tệ phong cách phục vụ.,neutral
"Tuy hơi xa trung tâm thành phố nhưng cũng không ảnh hưởng gì nhiều vì đường phố Đà Nẵng khá rộng, thoáng, dễ đi.",neutral
 Máy lạnh không được lạnh lắm,neutral
Thang máy hơi bé nhưng phù hợp với khách sạn.,neutral
Lễ tân vui vẻ nhiệt ,positive
"Vị trí khách ạn thuận tuện đi đến các điểm tham quan ....không gian phòng, tiện nghi và phục vụ rất tốt Không có điều gì không thích cả",positive
"Nội thất mới, sạch sẽ",positive
"Khách sạn trả lời thắc mắc qua mail rất nhanh và chu đáo. Giá cả hợp lý, vị trí gần biển. Cảm ơn các bạn giúp gia đình mình có một kỳ nghỉ trọn vẹn.",positive
Có thang máy. Cho thuê xe ngay tại chỗ nghỉ. Phòng sạch sẽ.,positive
"Giường tốt, nội thất, bối trí, sơn màu trong phòng đẹp.",positive
Không gian rộng rãi. ,positive
Phòng rộng rãi.,positive
Phòng sạch sẽ tiện nghi. Giá cả phải chăng. Lần sau quay lại hội an sẽ tiếp tục ở đây,positive
"Vị trí gần biển, phòng ốc đẹp, sạch sẽ. Phòng có mùi thơm dịu mình rất thích. Nhân viên thân thiện.",positive
"Chiếc giường mới, êm, rất thoả mái ",positive
Từ khách sạn ra tới biển không quá xa. Phục vụ khách sạn rất tốt. Các quán ăn rất gần và ngon,positive
 Đi tắm không nên mang theo dép vì có thể bị mất,positive
Chỗ để xe quá nhỏ,negative
Gần biển. Chưa lắp quạt. Điện hơi tối.,negative
 Công suất điều hoà còn thấp. Có muỗi trong phòng.,negative
Thiết kế không gian hơi nóng.,negative
"Phòng hơi nhỏ, hơi ồn vì đằng sau có nhà đang sửa. Đèn hơi tối.",negative
"Thiết kế khách san nhìn rất đẹp, thư giãn thoải mái",positive
 Giường rất êm. Ghế sofa rất đặc biệt. Vị trí gần biển,positive
"Giường rất thoải mái, sạch sẽ, cực kỳ đáng tiền.",positive
"Vị trí tốt, sạch sẽ",positive
"Vị trí khách sạn khá gần biển, đi bộ khoảng 5p. phòng sạch sẽ đẹp.",positive
"Mọi thứ khá ổn,phòng ốc sạch sẽ ",positive
Phòng rộng rãi và thoải mái. Cảnh nhìn ra bên ngoài thoáng đãng. Wifi vào tốt.,positive
"Chỗ nghỉ yên tĩnh, sạch sẽ, tiện nghi, gần biển",positive
Tuyệt vời. Ko chê được gì luôn ý. Phòng mới cực kì sạch sẽ. Lễ tân cũng vui vẻ và thân thiện nữa,positive
"Giá cả hợp lý, phục vụ tốt.Gần biển. Đáng đồng tiền.",positive
"Khách sạn mới, sang trọng, nhân viên vui vẻ, nhiệt tình. Nhất định sẽ ủng hộ lần sau! Nothing!",positive
"Đến sớm nếu có phòng trống , đc nhân viên sắp cho chỗ nghỉ đến lúc check in phòng, nhân viên nhiệt tình, phòng sạch sẽ . Xứng tên khách sạn ""happy day"". Sẽ ghé lại ngày gần nhất.",positive
"chợ hàn m có đặt 1 phòng tiêu chuẩn nên k có cửa sổ, hơi bí, nên ai đi tiết kiệm cặp đôi thì cũng okie",positive
 Wifi hơi yếu1 chút tại mình ở tận lầu 4,negative
book 1 phòng lại bị dồn sang 1 phòng khác. Thay đổi như chong chóng.,negative
 Phòng trên cao nc nóng kém,negative
Chăn và Nệm có mùi ko thoải mái lắm. Cửa khó mở và đóng,negative
"M đi cùng gđ 3 đêm tại đây, phòng deluxe view sông rất đẹp. M ấn tượng với lễ tân, phục vụ và chú bảo vệ, mọi ng rất thân thiện và rất hỗ trợ. Đi lại thuận tiện gần cầu rồng",positive
"Gần chợ Hàn, gần cầu rồng và cầu sông hàn, vỉ hè đi bộ thoáng mát, rộng rãi không có nhà thuốc tây, đường 1 chiều, không đặt được Uber - Grab vì cấm đậu xe quá 3 phút, không gần cửa hàng tiện lợi",neutral
"Sạch sẽ gọn gàng Hơi có muỗi, cửa sổ đừng làm cửa trong đi ở ngoài hành lang nhìn vô trong phòng dc",neutral
 Lễ tân hơi hiền và ít nói,neutral
  Gần siêu thị tiện lợi Khá xa sân bay,neutral
"Vị trí khách sạn nhìn ra sông Hàn, nằm giữa Cầu Rồng và Cầu Sông Hàn. Có thể nói khách sạn có vị trí rất lý tưởng. Phòng đẹp, sạch sẽ, wc rộng và tiện nghi, nhân viên nhiệt tình và dễ thương. Các thiết bị trong phòng nên được kiểm tra kĩ và sửa chữa lại nếu cần. ",positive
"Rất gần với các khu vực tham quan như Cầu Rồng, chợ Hàn.. Nhân viên thân thiện,dễ thương.nhưng hành lang có cửa sổ rất thoáng và tầm nhìn ra cầu Rồng, sông Hàn rất đẹp. ",positive
Nhân viên khách sạn rất thân thiện. Vị trí khách sạn tốt,positive
"Các cô lễ tân và bảo vệ rất thân thiện, vị trí trung tâm tiện đi lại các điểm ăn uống và vui chơi trong thành phố. Phòng sạch sẽ, dọn dẹp thường xuyên, có sẵn xe máy cho thuê rất tiện lợi, giá phòng rẻ. Sẽ sử dụng tiếp dịch vụ khi có dịp trở lại Đà Nẵng",positive
"Địa thế khách sạn rất đẹp, view tốt, gần các chỗ vui chơi. Nhân viên rất thân thiện và nhiệt tình. Đặc biệt là bác bảo vệ cực đáng yêu",positive
"Phòng sạch sẽ, nhỏ nhưng đầy đủ tiện nghi. Vị trí tốt, tiện cho di chuyển. Nhân viên thân thiện luôn cười rất tươi, sẵn sàng chia sẻ thông tin cần thiết. Đặc biệt cảm ơn các bạn cho 2vc checkin sớm free, vì đi tàu đã khá mệt mỏi",positive
" Vị trí tuyệt vời, nhân viên thân thiện. Khách sạn đặt các tour tham quan với hướng dẫn viên nhiệt tình, am hiểu các địa danh, tiếng Anh rất tốt. Sẵn sàng giới thiệu cho bạn bè. ",positive
" Nhận phòng nhanh, bộ phận bảo vệ nhiệt tình, phòng sạch",positive
Chú ý vệ sinh gầm giường cho sạch sẽ hơn.,negative
Hơi tiếc khi chưa trải nghiệm thăm thú nh nơi như dự định vì trời mưa. Nhưng có lẽ cũng là lý do để ĐN luôn có trong dsach điểm đến.,negative
"Bữa ăn sáng ở nhà hàng khách sạn thực đơn còn nghèo nàn, chất lượng món ăn cũng chưa tốt, vẫn còn đồ tủ lạnh",negative
 Phòng không có ánh sáng tự nhiên vì hai bên là nhà cao tầng. Nên đặt loại phòng cao hơn để có view và ánh sáng tự nhiên,negative
Máy sấy tóc hơi yếu và khi rút key ra khỏi phòng thì ngắt điện nên tủ lạnh ko đc mát,negative
 Phòng tiêu chuẩn ko có cửa sổ ,negative
" Phòng mình không mở được TV, đèn ngủ chập chờn lúc được lúc không, không rõ do dây lỏng hay như thế nào đó.",negative
"không sẵn sàng tư vấn, phòng tối",negative
"Vị trí tuyệt vời, thuận tiện, gần chợ Hàn, cầu Rồng, cầu sông Hàn. Nhân viên lịch sự, nhiệt tình và thân thiện. Ấn tượng rất tốt về sự niềm nở và chu đáo. ",positive
"Chúng tôi đã có kỳ nghỉ tuyệt vời 3 ngày 2 đêm tại Happy Day. Phòng ốc mới và sạch sẽ (nghe nói các phòng này mới được xây dựng thêm và đi vào hoạt động cách đây tầm 4 tháng). Nhân viên lễ tân thân thiện, nhiệt tình chỉ dẫn chỗ ăn uống, các anh bảo vệ cũng dễ thương. Sau vẫn chọn khách sạn này nếu đi Đà Nẵng",positive
 Phòng hơi nhỏ tuy nhiên bài trí rất hợp lí,neutral
 Nhân viên lễ tân làm việc không chuyên nghiệp chỉ trừ 1 bé ca sáng,neutral
Gia đình tôi trải qua kỳ nghỉ 2 đêm 3 ngày tại Đà Nẵng.Có lẽ đi vào mùa thấp điểm nên tôi thấy giá cả rất dễ chịu - khi hỏi các bạn lễ tân thì tôi được biết khách sạn không tăng giá vào mùa cao điểm -điều này rất tốt.Quá trình lưu trú của chúng tôi đều rất tốt._Gia đình tôi đi nhiều người nên các bạn lễ tân giúp chúng tôi book tour đi Bà Nà và thuê xe đi Hội An với giá hợp lý.Các bạn lễ tân cũng như các anh bảo vệ rất nhiệt tình hướng dẫn chỗ ăn uống. Cảm thấy thoải mái vì đã chọn khách sạn này,positive
"Vị trí của khách sạn này rất thuận tiện để đi lại,chúng tôi ở phòng Superior Double phòng ốc mới và sạch sẽ, nhân viên dọn phòng hằng ngày, từ lễ tân cho đến bảo vệ đều rất thân thiện, giá cả cũng hợp lý nên sau tôi sẽ trở lại ks này nếu đi Đà Nẵng",positive
Từ khách sạn nhìn thấy được cầu Rồng. Nhân viên lễ tân của khách sạn rất nhiệt tình và lịch sự. Chỉ dẫn tận tình còn giúp mình mua chả. Nếu có dịp quay lại Đà Nẵng sẽ chọn Happy Day.,positive
"Chúng tôi đến Đà Nẵng vào mùa thấp điểm, nhưng nghe nói khách sạn gần như kín phòng, tuy nhiên các bạn lễ tân,bảo vệ và cả buồng phòng vẫn phục vụ rất niềm nở và thân thiện, khách sạn gần trung tâm nên việc ăn uống rất thuận tiện,có thể thuê xe máy - các bạn có thể deal để có được giá tốt. Chúng tôi hài lòng về kỳ nghỉ lần này và vẫn sẽ chọn Happy Day lần tới",positive
"Nhân viên nhiệt tình, phòng ở sạch sẽ, địa điểm đẹp. Sẽ quay lại vào kì nghỉ tiếp theo.",positive
"Vị trí đẹp, gần sông và gần các cây cầu. Phòng view sông rất đẹp.Tôi rất mến nhân viên ở đây rất thân thiện và sẵn lòng giúp đỡ. Sẽ giới thiệu bạn bè đến khách sạn này",positive
 Phòng sạch sẽ.,positive
"Cảm ơn khách sạn happy day Mìn vừa có 1 kì nghỉ tuyệt vời tại khách sạn Phòng ốc sạch sẽ view ks đẹp, nhân viên dọn phòng hàng ngày và nhân viên đều rất rất nhiệt tình Cảm ơn nhiều và chắc chắn lần sau khi tới Đà Nẵng mình sẽ lại lựa chọn happy day � ",positive
"Chuyến công tác của tôi kéo dài 3 ngày, nhưng vào ngày cuối cùng tôi đã lựa chọn được khách sạn của các bạn ngay tại trung tâm để tiện cho việc đi lại. Bữa sáng khá ngon miệng, tôi đã ngồi lại thưởng thức coffee và làm việc trên laptop đến hơn 10h trưa nhưng nhân viên vẫn vui vẻ và còn giúp tôi đi mua chả bò để về làm quà. Tôi sẽ quay lại cho chuyến công tác tới vào đầu tháng 12 này.",positive
" Khách sạn có vị trí đẹp, thuận lợi cho việc đi lại, tham quan, vui chơi, ăn uống; dịch vụ cho thuê xe máy khá tiện lợi, xe chạy tốt. Phòng ốc gọn gàng, sạch sẽ, có mùi thơm nhẹ khá dễ chịu. Nhân viên thân thiện, nhiệt tình, tích cực chào đón và hỗ trợ khách, đặc biệt là chú bảo vệ gầy gầy cao cao. Lần tới có lẽ tôi vẫn sẽ chọn ở đây và thử trải nghiệm nhiều dịch vụ hơn.",positive
"Vị trí thuận lợi.Bữa sáng OK, hợp với khẩu vị gia đình tôi.Nội thất đơn giản nhưng gọn gàng,phòng vệ sinh rất sạch sẽ.Nhân viên nhiệt tình, dễ thương.",positive
" Phòng nhỏ, cửa phòng vệ sinh hơi khó đóng, khăn mặt và khăn tắm có cảm giác hơi thô ráp. Nhân viên lễ tân nam không được thân thiện cho lắm.",negative
Chăn của mình bị rách,negative
"Ăn sáng rất tệ. Lúc check in tôi có hỏi nhân viên phòng tôi đặt có bao gồm ăn sáng ko? Nhân viên nói có. Đến khi tôi check out thì báo ko có bao gồm ăn sáng và tính tiền ăn sáng vào tiền phòng. Khi tôi ăn sáng, nhân viên cũng có hỏi số phòng và lấy menu cho tôi gọi món. Đáng lẽ nhân viên phải báo với tôi phòng tôi có hoặc ko có ăn sáng. Và món ăn tôi gọi là phở, thịt bò hơi dai.",negative
"Sàn nhà tắm thiết kế độ dốc hơi cạn nên nước hay bị tràn ra ngoài, rất dơ. Khách sạn có cho thuê xe máy nhưng thực chất là liên kết với nơi thuê xe máy bên ngoài nhưng 2 bên lại ko thống nhất giá cả với nhau. Tới lúc khách nhận xe thì chỗ thuê xe đôi co, xin thêm tiền bo của khách thẳng thừng. Lên báo với nhân viên ks thì nhân viên này lại đổ thừa cho ông bảo vệ già là ông này tự ý lấy giá rẻ chứ k fải do ks muốn. Ko chuyên nghiệp chút nào. Nhân viên ks thì ok, nhưng lại liên kết với nơi thuê xe ăn nói chợ búa sỗ sàng xin tiền thêm của khách mà nói chuyện chạc sa sả luôn :(((",negative
Tiện nghi KS chưa được phong phú,negative
Khách sạn nằm ngay đường Bạch Đằng khá đẹp. Thuận lợi cho việc đi lại và ăn uống.Bữa sáng theo kiểu chọn món khá ok. Nhân viên ở đây gọi taxi khá nhanh. Nhìn chung tôi khá hài lòng với giá cả và dịch vụ tại Happy Day.,positive
"Tuy đặt phòng tiêu chuẩn không có cửa sổ nhưng rộng rãi, không bị bí bách. ",neutral
Phòng ốc mới - ở phía sau nên không có view sông. ,neutral
" Có thể deal được giá thuê xe máy với nhân viên, 120k/ngày.",neutral
"Tôi được một người bạn giới thiệu khách sạn này.Phòng ốc sạch sẽ, vị trí thuận lợi, nhân viên cũng rất nhiệt tình. Bữa sáng ok. Thích nhất buổi tối đi bộ dọc bờ sông Hàn.Sẽ trở lại với gia đình vào dịp hè năm sau Không gì cả",positive
" Vị trí khách sạn đẹp, tiên đi lại.Nhân viên rất thân thiện.  Bữa sáng cũng được cải thiện hơn so với lần trước rất nhiều",positive
"Bữa sáng rất ngon & phòng rất sạch đẹp. Tất cả nhân viên từ Bảo vệ, phục vụ, Lễ tân đều nhiệt tình, cởi mở & thân thiện. Đặc biệt, tôi rất quý &ấn tượng với Cháu Nguyễn T. Thúy Hằng-NV Lễ tân của KS Happy day-160 Bạch Đằng-Đà Nẵng luôn chu đáo, nhiệt tình, cởi mở & rất thân thiện. Rất tuyệt vời, xin cảm ơn. Nhất định, tôi sẽ quay lại KS Happy day.",positive
"Vị trí tốt, ngay cầu rồng và cầu sông hàn , buổi tối ra đường ngắm cảnh đẹp,gần chợ hàn thuận tiện ăn uống.nhân viên thân thiện và nhiệt tình",positive
"Nhân viên nhiệt tình, linh động sử lý phản hồi của khách. Hai lòng chất lượng chuyến nghỉ dưỡng",positive
"Phòng có view hướng sông đẹp, thuận tiện đi dạo sông. Sạch sẽ và thoải mái. Sẽ quay lại sau nếu có cơ hội.",positive
" Địa điểm thuận tiện , nhan viên than thiện, đầy đủ tiện nghi",positive
"View sông rất đẹp Trang thiết bị quá xuống cấp. Khăn tắm bẩn, ra gối bẩn.",positive
"Giường rất thoải mái, phòng ốc tiện nghi",positive
"Nhân viên rất nhiệt tình và thân thiện, khách sạn ngay bờ sông Hàn rất tiện lợi đi lại",positive
"Sạch sẽ, nhiệt tình, vị trí thuận lợi",positive
Vị trí đẹp thuận tiện đi lại,positive
 View nhìn ra sông Hàn rất đẹp. Nhân viên khách sạn rất thân thiện.,positive
Phòng hơi nhỏ,negative
 Đồ ăn sáng hơi ít lựa chọn.,negative
 Điểm tâm sáng hoàn toàn không đồng ý.,negative
"Bữa ăn sáng ko được ngon miệng,ít món,khách sạn hơi xuống cấp so với lần nghỉ trước, mền rách và không được sạch, nước nóng lúc được lúc không.",negative
"Nằm bên bờ sông hàn nên thuận tiện để ngắm cầu rồng, gần chợ Hàn  tuy nhiên vẫn đầy đủ tiện nghi.",positive
"Nhân viên lễ tân,đặc biệt bảo vệ cực kì thân thiện, dễ thương. Chỗ nghĩ sạch sẽ, thoáng mát, đầy đủ tiện nghi.",positive
"Vị trí khách sạn cực tốt, gần chợ hàn, ven sông, phòng deluxe view sông rất đẹp và thoải mái.",positive
 Còn lại mọi thứ đều ok,positive
"Nhân viên dễ thương và nhiệt tình, hỗ trợ yêu cầu nhanh chóng ",positive
"Phòng nhỏ nhưng mới, sạch sẽ và tiện nghi.",neutral
"Gần trung tâm, thuận tiện cho đi dạo, chụp hình với các cây cầu như cầu Rồng, cầu xoay... Gần chỗ ăn uống và có nhiều lựa chọn về món ăn.",positive
 Phòng sạch sẽ. Địa điểm khách sạn tốt. Nhân viên chu đáo.,positive
Vị trí đẹp. Nhân viên nhiệt tình vui vẻ thân thiện.,positive
"Vị trí của khách sạn thuận tiện. Phòng sạch sẽ. Nhân viên dễ thương, nhiệt tình.",positive
" Giường ngủ êm thoải mái, phòng sạch sẽ ",positive
"Vị trí tốt. Phòng mới, nhân viên dọn phòng hằng ngày nên khá sạch sẽ. Ăn sáng ok. Sẽ quay lại Happy Day vao dịp hè",positive
" Phòng rộng, tiện nghi rất tốt",positive
"Tôi thấy thích không gian ở đây: tĩnh lặng,lãng mạn và ngập nắng,gió biển. ",positive
"Phòng bí ko có cửa sổ, giá hơi cao",negative
 Ti vi hình ảnh và âm thanh không rõ lắm.,negative
Buổi tối có tiếng động hơi ồn ào.,negative
Phòng tắm hơi nhỏ,negative
 Bảo vệ không thân thiện lắm. Hỏi đường k buồn trả lời.,negative
WC hơi nhỏ,negative
Phòng hơi bé,negative
Các món ăn và hoa quả cần đa dạng hơn.,negative
"Chất lượng của đệm,có mùi hôi mà theo nhân viên là không xử lý được. Mình vẫn nghĩ Hanvico chưa đủ chuẩn để lắp ở khách sạn 5 sao. Kimdan,Canon,... Có lẽ thích hợp hơn. Bữa sáng hơi nghèo nàn.",negative
KS sát biển -Nhân viên thân thiện. -Gần nhà hàng Hải sản. - ,positive
"Khách sạn mới, trang thiết bị và cơ sở vật chất rất đẹp và hiện đại, Sảnh lễ tân rất rộng và thoáng . Chúng tôi đặt 3 phòng với hướng nhìn ra một bên biển trông khá thoáng, không bị che chắn tầm nhìn.  Cảm ơn anh Hoàng đã hỗ trợ chúng tôi trong suốt thời gian ở tại khách sạn. Hệ thống wifi rất tốt và ổn định. Điều đáng tiếc nhất xảy ra khi chúng tôi trả phòng, dù đã có thông báo về việc sẽ lấy hóa đơn lúc chúng tôi đi, nhưng dù thời gian đợi khá lâu vẫn chưa xuất được hóa đơn. Nhìn chung mọi thứ rất tốt cho một khách sạn 4 sao ven biển. Chúng tôi nhất định sẽ quay lại trong những đợt công tác tiếp theo.",positive
" ĐỊa điểm khách sạn và tầm nhìn phòng premium rất tuyệt, có xe đạp đi dạo, bữa sáng đa dạng, phòng sạch sẽ, nhà tắm hiện đại, đẹp Ban công phòng premium nóng, nực không mát như lúc đầu nghĩ. Minibar mình nghĩ nên free nhiều hơn, mấy món snack lặt vặt chẳng đáng là bao, vì mình ngại thanh toán thêm khi check out nên đã không dùng gì ",positive
"Trang thiết bị trong phòng hiện đại, phòng trên các tầng cao view đẹp nhìn ra biển và cả thành phố. Phòng tắm rộng. Giường rộng và thoải mái. Bữa sáng nhiều món và nhìn chung là ngon. Nhân viên phục vụ tốt, được tiếp đón rất chu đáo và cẩn thận. Bể bơi lớn và view rất đẹp. Phòng ăn rộng và sáng sủa.",positive
" Cảm ơn các bạn, đây là một trong những khách sạn chúng tôi thích nhất từ trước tới na",positive
"Gần biển, nhân viên niềm nở, nhiệt tình, phục vụ chu đáo, phòng nhìn ra biển rất đẹp, khách sạn mới, sạch sẽ,",positive
View nhìn ra biển đẹp. Bể bơi đẹp. Gần biển.,positive
" Bữa sáng rất ngon Khách sạn rất sạch Nhân viên bảo vệ rất nhiệt tình,tốt bụng,hay cười Lần sau quay lại vẫn sẽ ở đây :x",positive
" Nhân viên lịch sự, phục vụ chu đáo; ks ở sạch sẽ",positive
"Bữa sáng ngon, khách sạn mới, view phòng premium tuyệt đẹp, nhân viên nhiệt tình thân thiện. Rất hài lòng!",positive
"Phòng Family rất đẹp, view biển rất tuyệt vời. Nhân viên thân thiện, nhiệt tình.",positive
"Hostel nằm gần khu Hồ Nghinh, Mỹ Khê, cách bãi biển độ 5-6 phút đi bộ, rất thuận tiện. Phòng ở theo dạnh khách sạn con nhộng, mỗi khách có một giường riêng có rèm che nên rất riêng tư, phòng cho 14 người nhưng cảm giác rất thoải mái không phiền gì khi có nhiều người cả. Trong phòng có một toilettes có 2 lavabo và hai w.c. Nhà tắm ở tầng trệt rất rộng rãi và có lối đi thẳng từ cổng vào, thuận tiện cho khách vừa đi tắm biển về. Hostel có vẻ mới, sạch sẽ, sáng sủa, mọi trang thiết bị đều mới. D Các bạn chủ thân thiện.",positive
" Phòng hơi chật. Phòng kê 14 có rèm kéo nên rất riêng tư, tuy nhiên thực sự là chật. Nếu có nhiều khách trong phòng cùng một lúc sẽ không thể đi lại hay dọn đồ được. Ngoài ra, có cảm giác ở trong giường kéo rèm che thì hơi bí và hơi có mùi gỗ cũ cũ. Đồ ăn vặt để sẵn trong bếp để bán cho khách giá hơi mắc (20.000VND/ hộp mỳ, 30.000VND/ gói bánh). Thỉnh thoảng mình không biết bạn nào là chủ bạn nào là khách nên đi kiếm chủ để hỏi gì đó hơi mệt. Mình thỉnh thoảng lại được các bạn khách hỏi gì đó vì tưởng mình là chủ, giả sử mình mà không trung thực cứ cầm bừa tiền của khách là các bạn chủ thiệt rồi :)",negative
Bồn tắm nhỏ,negative
Bãi biển không được sạch lắm,negative
"Xung quanh khách sạn còn ít quán ăn theo kiểu dân dã quán vỉa hè, muốn ăn ngon phải vào tận trung tâm rất xa Đêm mình nghĩ ở bãi biển có karaoke, nên rất ồn, bắt buộc phải ở trong phòng kín, không mở cửa thoáng gió.",negative
"Tuy nhiên, vì khách sạn cũng còn mới nên còn vài vấn đề cần làm tốt hơn, chúng tôi ở 3 phòng,cùng tại lầu 10 nhưng âm thanh từ dưới mặt đường hầu như vẫn nghe được, nhà hàng khá đông khách Trung vào buổi sáng nên khá lộn xộn. Chúng tôi phải đợi khá lâu để có được món trứng rán, và phải nhờ tới anh quản lý nhà hàng đứng gần đó hỗ trợ mới có thể có được một vài món nóng. Bảng giá giặt là hơi cao, tuy nhiên điều đó có thể chấp nhận được ở khách sạn 4 sao. ",negative
"Cửa KS có một cống nước xả thải xuống biển nên không tắm được. - Sàn gỗ bị cong vêng bong tróc, - Áp lực nước yếu.",negative
"Bữa sáng ổn và phục vụ tốt. Nhân viên helpful. Chỗ ở sạch và riêng tư dù là dorm. Sảnh chờ trang trí đẹp mắt và mát. Nhà tắm và phòng vệ sinh sạch, thuận tiện.",positive
"Do ở khách sạn cũng khá thoải mái nên mình quyết định quay lại cư tú thêm 1 đêm, mọi thứ ở đây khá ổn.",positive
"Dù là một khách sạn mới nhưng khách sạn vận hành khá ổn, đặc biệt là các nhân viên tại lễ tân, tác phong rất chuyên nghiệp và nhiệt tình tư vấn các thông tin tại Đà Nẵng.",neutral
 Nhân viên lịch sự. Nhân viên chưa thực sự quan tâm tới khách.,neutral
"ưới tầng trệt có bếp, buổi sáng phục vụ đồ ăn sáng bao gồm trong tiền phòng (mình không ăn nên không biết chất lượng thế nào). Ngoài ra cũng có để sẵn đồ ăn vặt, ai về muộn đói quá có thể lấy ăn rồi trả tiền.",neutral
Bạn cùng phòng dễ thương cực kỳ ,positive
 Đồ ăn sáng ngon,positive
"Nhân viên thân thiện, gần gũi, cho mình cảm giác thoải mái.",positive
"Hostel ở gần biển, đi bộ tầm 5 phút là tới. Tôi đặt phòng đôi cho 1 người ở. Lúc mới vào phòng, phòng rộng rãi, sạch sẽ, gọn gàng, không gian thoáng, view đẹp, có ban công riêng tạo cảm giác rất dễ chịu. Tiện nghi trong phòng đầy đủ, nội thất đẹp, thích hợp cho sống ảo. Menu cho bữa sáng phong phú có nhiều món ăn để chọn lựa, đồ ăn ngon . Ở đây có đầy đủ dịch vụ, không phải đi đâu xa rất thuận tiện. Đặc biệt là nhân viên và chủ thân thiện, lịch sự, tạo cảm giác thoải mái. Tôi khá hài lòng với chuyến đi lần này. Sẽ quay lại và dẫn bạn bè đi cùng vào lần sau.",positive
Nhân viên và boss đều rất nhiệt tình và thân thiện. Các dịch vụ kèm theo của hostel cũng rất tốt và rẻ so với một số hotel khác. Gần biển chỉ cần đi bộ là ra bãi biển nước trong xanh tuyệt đẹp. ,positive
"phòng ở khá tiện nghi. Mình đã thuê một phòng đôi với khá đủ tiện nghi từ bếp, lò nướng, tủ lạnh ấm đun,... nói chung khá đủ cho một người thích tự lập như mình. nhân viên thoải mái, nhiệt tình. Không gian bếp chung ấm cúng.",positive
 Bữa sáng khá ổn.. phòng nghỉ cũng thoải mái . Nhân viên vui vẻ.. nhanh nhẹn . Nhiệt tình.,positive
 Giường và chăn ga gối hơi bẩn. Phòng tắm đọng nước. thoát nước kém lên bất tiện.,negative
1 điều mình thấy không thoải mái. với dịch vụ giặt đồ bên bạn. khi nhận lại đồ mình bị thiếu khá nhiều đô. :) Các bạn nên cải thiện hơn khoản này,negative
"giường nằm không được tốt lắm, đệm chăn sổ lông nên hơi gai người không được thoải mái.",negative
" Nhà vệ sinh không thích lắm, có mùi, sàn nhà vệ sinh không có chỗ thóat nước gây bất tiện. Mình đi mùa mưa nên đồ ăn sáng khá lạnh lẽo.",negative
phòng vẫn có muỗi,negative
 Chỗ tắm chung có thể sạch hơn một chút thì tốt quá,negative
"Chỗ nghỉ sạch sẽ,rẻ phù hợp vs giá tiền có cơ hội kết bạn vs người nước ngoài",positive
Chỉ có 1 phòng vệ sinh,negative
Cafe đậm đà thêm chút nữa thì ngon,neutral
 Nhân viên hơi awkward và có vẻ thiếu kinh nghiệm. Họ rất helpful nhưng lẽ ra nếu thoải mái và outgoing với khách hơn thì sẽ tốt hơn. Don't be shy guys.,neutral
"Phòng nhỏ, hơi bí.",negative
Phòng tắm k có bồn tắm,negative
"Bữa sáng bình thường, không phải ngon lắm nhưng vẫn chấp nhận được.",neutral
"giá cả hợp lý Có phòng tập thể với 3 giường đôi lớn,",neutral
Chất lượng khách sạn tương ứng với giá tiền. ,neutral
"Phòng ở hơi nhỏ. Ngoài ra thì không nên nhờ nhân viên tư vấn địa điểm ăn uống gần khách sạn, vì họ sẽ tư vấn không khách quan.",negative
"Bữa ăn sáng của khách sạn chỉ duy nhất 1 món 1 ngày thì phải, mình xuống ăn chỉ đưa phiếu r nhân viên bê ra 1 bát mì quảng, hết. Hsau mình đã ko chọn ăn sáng ở ks nữa. Nhân viên dọn phòng hàng ngày ko được sạch. Tuy nhiên mặt bằng chung với giá đó cùng khu vực có rất nhiều khách sạn phòng đẹp hơn.",negative
Lễ tân thì tạm ổn,neutral
Phòng thiếu ánh sáng trắng khi cần trang điểm.,negative
Quanh khách sạn có nhiều công trình đang xây nên hầu như không thấy view biển và rất ồn,negative
 Hơi nhiều muỗi vào mùa mưa Phòng hơi ít ổ cắm điện,negative
Điều hòa ồn ào quá rất khó ngủ.,negative
Nệm không được êm lắm,negative
ần bổ sung thêm một vài trò chơi giải trí (trời bão ở Packo thì quả thật hơi buồn) - thêm khu dịch vụ khác (bar nhỏ...) - ăn sáng có thể thêm khẩu phần (có thể đưa thêm vào giá thành phòng nghỉ cũng không phải quá cao),negative
"thích con c-hó rất thân thiện, sẵn sàng phi vào phòng ngủ của khách :) em í rất đáng yêu - nhân viên thân thiện, vô tư, thoải mái. toàn các bạn trẻ nên Packo luôn tràn ngập năng lượng - anh chủ kute, dễ thương - phòng ngủ sạch sẽ - nhà tắm chung sạch, không mùi hôi",positive
Nên thay ga giường thường xuyên hơn cho khách.,negative
Buổi trưa hơi nóng.,negative
"Phòng tắm không có chỗ máng quần áo , chỉ có chỗ máng khăn . Khách sạn gần biển mà chưa có khu vực tắm và rữa chân lại trước khi lên phòng . Lavabo bị nghẹt rút nước chậm . Không có tivi trong phòng . Nếu bạn ở chung với khách lịch sự giữ trật tự thì không sao, nhưng ở với những người bất lịch sự thì rất ồn ào khó ngủ",negative
"Ở Packo có bàn bi da, nhóm mình đã chơi thật vui để giết thời gian trước khi ra sân bay ^^ Một điểm nữa là cà phê ở đây rất thơm và ngon. Nơi này chỉ cách biển khoảng 30-40 m, sáng sớm nhóm mình đã đi bộ ra biển xem bình minh và tắm biển, biển sáng rất ấm nhé.",positive
"Các bạn nhân viên rất thân thiện, mình đi gấp vào buổi sáng không kịp ăn thì có bạn nhân viên gói cho mình 2 lát bánh mì, hành động siêu dễ thương thân thiện và mình sẽ quay lại nếu có dịp. Chắc chắn luôn",positive
"hỏi bản đồ thì Nv kêu hết, hỏi thêm rằng bạn có gợi ý gì cho mình khi thăm Đà Năng k thì bạn ấy ngơ ngơ, kiểu thờ ờ. K hướng dẫn gì về bữa sáng hay wifi. Giường dorm thì trở mình là kêu cọt kẹt, cảm giác thở mạnh thôi cũng phát ra tiếng động làm ảnh hưởng người khác. Bữa sáng nghèo nàn và chán nhất mình từng biết, chỉ có bánh mì và 2 loại mứt cùng trứng và phải tự làm trứng trong khi k có sự hướng dẫn nào. Chán!",negative
"Nhiều cây và cỏ phía sau nên có nhiều muỗi, khung giường bằng sắt nên sẽ dễ tạo tiếng động khi nằm.",negative
"Mình nhận phòng xong cảm thấy rất thất vọng vì khi bước vào phòng cảm nhận rõ rệt nhất là mùi ẩm mốc, xuống cấp của phòng, thêm vào đó là điện ko ổn định, phòng ko có đủ tiện nghi so với mức giá mà mình bỏ ra. Mình đến 1 lần và sẽ ko có ý định quay lại đây ở nữa :)",negative
"Bữa sáng ngon và đầy đủ! Rất gần biển:)) Phòng không có ổ cắm riêng cho từng người mà phải dùng chung,không có đèn để đọc sách ,trời mưa muốn vào restroom khá bất tiện,không khăn tắm:((",negative
Phòng hơi nhỏ Gối quá cao nên mình ngủ không được thoải mái lắm Phòng 4 ng nhưng chỉ có 2 áo choàng tắm,negative
" Xe máy cho khách thuê đã cũ nát, rooftop bar và spa không hoạt động.",negative
Hồ bơi nhỏ xúi. Phòng chật chội.,negative
Bể bơi đẹp nhưng chúng tôi nghỉ đúng dịp đang xây sửa nên bị ảnh hưởng rất lớn,negative
Đây là phòng đặt cho sếp nên sếp về complain không tốt về khách sạn.,negative
"Phòng khách sạn có thiêt kế sang trọng, vị trí yên tĩnh, thuận lợi giao thông đi lại và tham quan.",positive
"Bữa sáng ngon, nhân viên phục vụ tại ks chu đáo, thân thiện. Phòng tiện nghi, sạch sẽ, nội thất tốt",positive
 Phòng cách âm chưa tốt lắm.,negative
gần biển Mỹ Khê là tốt,positive
"giá cao, nội thất ko tốt, nhà vệ sinh bất tiện, vòi nước chảy yếu",negative
"Giường thoải mái, chủ nhà thân thiện",positive
Mùi của phòng máy lạnh do ko được thoáng.,negative
"Bữa sáng ngon tuyệt, nhân viên rất dễ thương, trang trí đẹp...",positive
"Bữa sáng ngon, menu khá phong phú. Hostel gần biển, di chuyển thuận tiện. Điều thích nhất là nhân viên thân thiện, nhiệt tình.",positive
"Phòng ốc bố trí đẹp , tiện nghi Ok , rất sạch sẽ , giường nằm rất êm, ăn sáng ngon miệng . Sẽ quay lại đây nếu trở lại Đà Nẵng trong những chuyến đi tới , rất đáng giá tiền",positive
"Nhân viên thân thiện, phòng rộng và sạch sẽ, khu spa xông hơi kiểu hàn nhỏ nhưng tiện nghi và phục vụ chu đáo",positive
Vị trí hơi xa biển và các khu ăn uống trung tâm,negative
"Phòng ngủ & khu massage sạch sẽ, tiện nghi, đẹp",positive
Bữa sáng tạm được,neutral
hu vực quầy buffer quá nhỏ. Nên thêm món ăn cho bữa sáng & khu quầy buffer rộng rãi hơn nữa.,negative
"Xung quanh khách sạn nhiều nhà hàng hàn quốc. Phòng rộng rãi, hiện đại, giường rộng & êm, tivi màn hình rộng với các kênh HD. Chúng tôi được tặng gói xông hơi kiểu Hàn nên đã sử dụng ngay hôm ấy, rất thích thú & dễ chịu, đặc biệt thích hợp sau 1 ngày vận động nhiều. Bữa sáng khá phong phú. Nhân viên nhã nhặn,nhiệt tình",positive
Khách sạn trong thành phố nên để ra biển cần di chuyển bằng taxi,neutral
bữa sáng ngon. đi chơi sau 1 ngày dài năm giường rất thoải mái,positive
"Phòng cực kỳ sạch,vô cùng hiện đại và tiện nghi. Nhân viên thân thiện. Buffet sáng rất ngon. Mọi thứ trên cả mong đợi.",positive
"Phòng đẹp, sạch sẽ, nhân viên thân thiện, tiện nghi",positive
Gối nằm ngủ hơi cao,negative
"sạch sẽ, tương đối thoải mái, nhân viên bảo vệ thì rất nhiệt tình",positive
"nhân viên lễ tân chưa nhiệt tình chu đáo, cần hỏi kỹ khi bạn muốn sử dụng các dịch vụ tour du lịch.",neutral
"Giường rất thoải mái cho phòng gia đình,nhân viên thân thiện,có dịch vụ cho thuê xe máy giá vừa phải,rất tiện nghi",positive
"Đường đi vào khách sạn mà tự đi bằng xe máy thì hơi khó tìm😉,nếu đi bằng taxi thì dễ tìm hơn",neutral
"Nhân viên, bảo vệ nhiệt tình Phòng ổn, thoải mái",neutral
"Mình có yêu cầu nhận phòng sớm và KS đã confirm nhưng khi tới lại báo không nhận được thông tin và không có phòng, làm mình phải kiếm khách sạn khác trong đêm",negative
Gần biển. Giá phòng hợp lý. Lễ tân khách sạn nhiệt tình tư vấn các điểm ăn uống và vui chơi. Near beach. Cheap price. Hotel's reception consult to me about attraction and restaurant location. Nothing,negative
"Nhân viên lễ tân, chị chủ khách sạn và 2 chú bảo vệ rất vui vẻ, thân thiện và tốt bụng nếu có dịp tôi sẽ quay lại KS này",positive
phòng đôi không có cửa sổ. điều hòa hơi nóng.,negative
"Chỗ ở thoải mái, phòng rộng sạch sẽ gần biển tất cả nhân viên đều dễ thương, thân thiện,Dọn phòng đều đặn và rất sạch sẽ, phòng tắm gương, giường to rất êm ái và thoải mái",positive
"Từ sáng khoảng 7-8h đến trưa chiều hay nghe thấy tiếng sửa chữa ko biết là do phòng đang sửa chữa hay do xưởng gỗ kế  bên Tụi mình đi miết nên chỉ khó chịu khi trưa về nghỉ ngơi mà nghe tiếng khá là khó ngủ. Khu vực còn hơi mới, gần biển nhưng hơi xa trung tâm 1 tí nhưng đi xe máy thì thoải mái.",neutral
"Khách sạn sạch sẽ, không gian vừa đủ cho 2 người, vị trí gần biển. Nhân viên nhẹ nhàng, dễ mến, nhất là 2 bác bảo vệ gần gũi",positive
"Phòng sạch sẽ, đang khuyến mại nên giá rẻ. Sáng sớm và tối rất ầm ĩ, vì Khách sạn và nhà bên cạnh đang xây dựng, chính vì vậy nên giá phòng đang giảm giá. Lễ tân đứng tuổi lịch sự nhiệt tình",positive
" Lễ tân trẻ tuổi ban đầu không cho khách đặt đồ gửi trong phòng gửi đồ, lý do là sợ nhầm lẫn với đồ của khách khác trong phòng, lý do hết sức vô lý, phải đến khi khách ko đồng ý để ngoài góc sảnh vì có máy ảnh lễ tân mới mở phòng gửi đồ",negative
"Vị trí xa, xung quanh ít cửa hàng dịch vụ, bù lại xe máy có thể thuê ngay tại khách sạn",neutral
"Khách sạn khá sạch sẽ, nhân viên nhiệt tình thân thiện, gần biển Phạm Văn Đồng có thể đi bộ ra biển được, wifi tốt, giá giặt là khá rẻ",positive
Điểm trừ là không có máy sấy tóc trong phòng.,negative
"Nội Thất và kết cấu phòng của toàn Khách Sạn làm tôi ưng ý nhất, Sạch sẽ, ấm cúng và sang trọng, vượt chi tiêu của tôi khi Dáng Hạ Hotel chỉ mới là khách sạn cấp 1 sao.",positive
"Khách Sạn chỉ phục vụ đồ ăn thức uống vào ban ngày, nhưng đa phần nhu cầu ăn uống của khách hàng tại khách sạn chủ yếu vào ban đêm.",negative
"phòng ốc sạch sẽ, tiện nghi tốt, thái độ nhân viên niềm nở taif khoản của mình là genious, được checkin sớm 2 tiếng nhưng có lẽ bạn trực lễ tân không biết điều này. Sau khi phản hồi với booking.com, khách sạn đã gọi điện và nhắn tin xin lỗi. Cách xử sự như vậy là khá ok, có lẽ đây chỉ lỗi vô tình do bạn trực lễ tân không biết, còn lại thì thái độ của bạn nhân viên này rất tốt.",positive
"Các bạn tiếp tân và bác bảo vệ rất dễ thương và nhiệt tình. Phòng rất sạch sẽ, an ninh",positive
Nhân viên thân thiện khách sạn sạch sẽ Xe khách sạn bảo dưỡng thường xuyên khách đi an toàn,positive
"Sạch sẽ, nhân viên thân thiện, gần biển,vị trí tốt",positive
"Phòng sạch sẽ, nhân viên thân thiện",positive
hách sạn giá cả tính đúng. Nhân viên dễ thương. Nội thất chắc chắn,positive
Bác bảo vệ rất nhiệt tình và thân thiện,positive
Phòng rất rộng rãi và sạch sẽ. Địa điểm khá gần các khu trung tâm Nhân viên lễ tân lịch sự nhã nhặn,positive
Bác bảo vệ thân thiện. Chị nhân viên vui vẻ,positive
"Phòng ốc, vật dụng tất cả đều tốt, nhân viên dễ thương nhiệt tình.Cô chủ tốt bụng",positive
"Tiện nghi, thoải mái, nhân viên rất tuyệt, góp phần tạo nên 1 chuyến đi trọn vẹn. Giá cả hợp lý",positive
"thái độ của chủ KS rất thân thiện, tạo điều kiện tốt cho nhóm vị trí khách sạn",positive
"Nhân viên nhiệt tình, giá phải chăng, phòng sạch sẽ",positive
"Gần biển, tiện nghi đầy đủ, phòng sạch sẽ thoáng mát, nhân viên nhiệt tình",positive
Phòng sạch sẽ. Đồ đều rất mới,positive
nv nhiệt tình thân thiện,positive
Vị trí thuận lợi ,positive
"iường thoải mái phòng đẹp, art, sạch sẽ nhân viên tận tình chu đáo vui vẻ vị trí thuận tiện di chuyển có nhiều dịch vụ giải trí, thư giãn ",positive
"Nhán viên nhiệt tình, Vui vẻ, trách nhiệm",positive
"Khách sạn bài trí dễ thương, nhân viên lễ tân rất thân thiện với khách",positive
"Nội thất phòng ổn, phòng sạch sẽ, phù hợp với giá tiền. Các bạn nhân viên rất nhiệt tình tư vấn cũng như giúp đỡ khách. Dịch vụ thuê xe máy cũng rất ổn, giá phải chăng.",positive
"Thiết kế bắt mắt, dễ thương. Nhân viên nhiệt tình và thân thiện",positive
"Mình có để quên cái áo khoác tại khách sạn lúc check out, nhưng lúc đó nhân viên và mình không tìm thấy. Khi về đến HCM thì nhân vân lễ tân có gọi xin địa chỉ để gửi áo khoác vào cho mình. Khách sạn đã để lại ấn tượng khá tốt cho mình về sự chuyên nghiệp này. Mình còn được discount 10% cho lần sau. Chắc chắn sẽ quay lại Art hotel trong ngày gần nhất!",positive
"Phòng đẹp thoáng, sạch sẽ. Trang trí nhìn hài hoà đẹp mắt. Nhân viên nhiệt tình chu đáo. Bữa sáng ổn. Vị trí khách sạn đẹp có thể đi lại giữa thành phố với biển đều tiện lợi. Lần sau quay lại ĐN sẽ vẫn ở đây :*",positive
"Khách sạn nhỏ nhắn xinh xắn, phòng tốt. Nhà hàng ăn sáng có không gian mở view ra sông Hàn rất đẹp, chất lượng bữa sáng khá tốt.",positive
" Phòng ngủ thoải mái, trang trí đẹp, và quan trọng là luôn sạch sẽ :d. Đồ ăn sáng được tự chọn, có rất nhiều món ngon, không gian ngồi ăn rất đẹp , nhìn ra sông hàn, có ánh nắng. Mình rất thích tông màu xanh, vàng của khách sạn, nếu được quay lại đà nẵng chắc chắn mình sẽ lại ở tại Art Hotel :D",positive
"Bữa sáng ngon, đầy đủ món. Phòng sạch sẽ, đẹp",positive
"Nhân viên thân thiện, phòng mát mẻ và sạch sẽ, đồ ăn thức uống rất ngon, cách thiết kế cực nghệ thuật giống như tên gọi của nó",positive
"Sạch sẽ, tiện nghi, khách sạn trang trí cực dễ thương.",positive
"Giường thoải mái, sạch sẽ, phòng trang trí dễ thương",positive
"Nội thất ok! sạch , phong cách rất tinh tế!",positive
"Thiết kế đẹp, sạch sẽ, tiện nghi",positive
"ữa sáng phong phú. Hai bể bơi ở tầng 1 và tầng 4 đem lại lựa chọn đa dạng. Các phòng rộng rãi, có ban công để view ra bên ngoài. Nhân viên thân thiện, nhiệt tình, hữu ích",positive
"Vị trí thuận tiện, đẹp. Nhân viên lịch sự, ân cần. Tôi sẽ đến ks lần sau nếu có dịp",positive
"Rất thích sự nhiệt tình của nhân viên. Khách sạn thoải mái, thiết kế về môi trường rất đẹp. Sẽ quay lại",positive
Trang trí đẹp,positive
"Sạch sẽ, trang trí đẹp, dịu dàng",positive
Giường thoải mái. Nội thất đẹp. Nhân viên nhiệt tình,positive
"Khách sạn có nhiều góc trang trí đẹp, dễ thương",positive
" Resort được thiết kế rất đẹp, mọi chi tiết đều xinh xắn đáng iu. Tôi đặc biệt thích không gian tại sảnh đón tiếp, bể bơi tầng 1 và không gian tầng 4 - Nhân viên thân thiện và nhiệt tình - Trà chiều và dịch vụ mượn xe đạp rất thú vị",positive
"Phòng sạch sẽ, mới, giường cực êm, Nhân viên rất thân thiện",positive
"Nhân viên khá nhiệt tình hướng dẫn và chào đón khách, khách sạn nằm trong khu yên tĩnh, mô hình căn hộ nên giống với việc như ở ngay nhà mình. Giá cả hợp lý, có cơ hội tôi sẽ quay trở lại đây.",positive
"Phòng ở rất sạch sẽ, thoáng, thoải mái. Nhân viên siêu dễ thương ",positive
"Phòng rộng rãi, thoải mái, tiện nghi. Gia đình và nhân viên rất thân thiện.",positive
Nhân viên rất nhiệt tình mà dễ mến,positive
Chúng tôi rất thích bể sục khí jacuzzi của khách sạn,positive
"Rất thích bể sục của khách sạn. Phòng tôi ở là hạng phòng deluxe, có tiện ích xông hơi trong phòng tắm, rất hài lòng",positive
"sạch sẽ, gần bờ biển",positive
"Phòng đẹp, khách sạn đẹp đến từng chi tiết",positive
"Kiến trúc quá đẹp,quá thu hút...vì mới nên mọi thứ còn rất mới mẻ, sạch sẽ...nhân viên rất thân thiện, hỗ trợ hết mình, có khu vui chơi riêng dành cho baby",positive
"Hơi khó tìm đường, bảng hiệu khách sạn bị khuất bởi cây che.",negative
"Xe máy cho thuê chất lượng không ổn định, không được yên tĩnh",negative
Nên có máy sấy tóc trong phòng,negative
Mỗi tội k có máy sấy để sấy tóc sau tắm.,negative
Khăn tắm hơi cũ và thô ráp.,negative
 Tốc độ internet quá chậm,negative
mình toàn đi lạc thôi,negative
"Xa trung tâm, di chuyển khá tốn kém",negative
"Nhân viên có thể niềm nở hơn, vui vẻ hơn khi giao tiếp với khách hàng thì sẽ tốt hơn",negative
Khách sạn nhỏ,negative
"Dù đặt loại phòng nào đi nữa thì thiết nghĩ không nên có sự phân biệt về giá cả các loại phòng, không phải là phòng rẻ thì không có ăn sáng (dù ở thời điểm tôi đặt thì các phòng đắt hơn đã hết, tôi không có sự lựa chọn khác)",negative
Ổ điện có vấn đề Wifi ko truy cập được,negative
Trang thiết bị chưa tiện nghi,negative
"Thiết kế đẹp, sạch sẽ, tiện nghi",negative
"Có lẽ phòng 308 là phòng chuyển đổi chức năng, không phải được thiết kế phòng nghỉ từ lúc đầu.",negative
Toilét hệ thống thoát có mùi,negative
Nước nóng bị yếu,negative
"Vị trí trung tâm Chất lượng không đi kèm giá tiền. Không xứng đáng với mức 5*. Khăn tắm rách bươm (5/6 cái đều rách). Nhân viên khó chịu, check in hay check out đều rất chậm chạp, mất thời gian. Bữa sáng nghèo nàn, ít món",negative
"Hệ thống cách âm phòng không tốt.Tôi ở Phòng 208, tiếng piano phát duy nhất 1 bài từ 7h sáng đến 23h tối hơi đau đầu. Khi trong phòng nghe thấy tiếng ng qua hành lang hay tiếng ng dưới bể bơi tầng 1 nói chuyện rất rõ - Nhân viên gõ cửa dọn phòng lúc 14h đang nghỉ trưa cảm thấy hơi bất tiện - ",negative
Khuôn viên nhỏ chưa tương xứng với resport.,negative
Check in và check out còn hơi lâu và rườm rà.,negative
Đồ ăn ko được ngon lắm,negative
Check in hơi lâu Phòng hơi bé,negative
Giờ check in của khách sạn là 14pm theo mình là hơi muộn. Như đoàn mình ăn trưa xong phải chờ tương đối lâu để check in khách sạn. Sau đấy còn 1 phòng phải gần 2ruoi chiều mới đc nhận phòng. giường đôi 1m6 mà nhà mình có thêm trẻ em nên hơi chật,negative
Nên có thêm nhiều loại nước uống hoa quả hơn cho buổi buffet sáng,negative
"Nhân viên chưa nhiệt tình - Đặt phòng Deluxe view sông mà phòng khá nhỏ , trên tường dơ , ga trải với mền dính dơ , hôm sau để giấy kiu dọn phòng thay ga mà vẫn i như cũ . - Nhân viên nam thấy khách xách hành lý không đỡ phụ . Còn tiếp tân nhìn không quan tâm khách cho lắm , thờ ơ với chưa chuyên nghiệp . - Mình gửi nhờ hành lý vì chưa có phòng checkin . Lát quay lại nhận phòng thì mình đưa phiếu giữ đồ mà lại lấy vali của khách khác đưa cho mình . Dù đã có đưa phiếu số phòng này kia rồi mà còn có sự nhầm lẫn như vậy . - Nhân viên nhìn chằm chằm vào khách không cần quan tâm khách cần giúp hay nhờ gì . - Đã vậy sàn gỗ thì lạch bạch . Dở hở lum la . Không có cảm giác an toàn nên cũng k dám đi mạnh 😔😔 - Hình ảnh chụp khá mới . Mà phòng thì nhìn dơ và cũ - Thất vọng vì số tiền bỏ ra ở khách sạn với một phòng k đáng tiền . - Sẽ không quay lại lần nào nữa .",negative
"Không như quảng cáo, 1 lầu chỉ được 2 phòng nhìn ra sông Hàn, còn lại gần như không thấy hoặc view cực kỳ tệ (khác với ghi trên booking). Bữa ăn sáng rất chán, đồ ăn không ngon.",negative
View từ cửa sổ của phòng sau hơi tệ ( phong 102). Nếu như sơn màu và trang trí thêm sẽ tuyệt hơn.,negative
Phòng hơi nhỏ và cách âm không tốt. Có thể nghe tiếng nói chuyện và đóng cửa ở bên ngoài rất to. Khi tắm nước không thoát được và tràn rất nhiều ra bên ngoài cửa nhà tắm.,negative
"Chăn drap, gối nệm nặng mùi chất tẩy rửa, đề nghị thay đổi vì sức khỏe",negative
"phòng nhỏ, bố trí nội thất chưa hợp lý",negative
"Khu vực ăn sáng quá ồn ào Đồ uống rất hạn chế ,",negative
khu vực xung quanh còn đang xây dựng nên khá ngôn ngang,negative
không xuất sắc lắm,neutral
"Vì khách sạn mới, đội ngũ receptionist cũng mới nên chưa thật sự chuyên nghiệp.",neutral
Khu vực ban công chưa sạch lắm,neutral
"Đồ ăn tạm ổn,nhưng ks 4 sao buffet phải phong phú hơn",neutral
 Trung bình Chăn quá nhiều nilong,neutral
"Bữa sáng bình thường ,hơi ít món ăn",neutral
có view tương đối đẹp nhìn ra bãi biển Mỹ Khê,neutral
"nhưng sau 22h không được ngắm cảnh nữa, hơi tiếc",neutral
",nhưng đi vào mùa lạnh nên không thể tận hưởng được",neutral
đi bộ ra biển hơi mệt,neutral
Thái độ phục vụ của nhân viên ít niềm nở,neutral
"Tôi cảm thấy đây là lần đầu tiên tôi thật sự hài lòng khi lựa chọn ks Minh Toàn trên Booking.com .( tôi đã đặt tại booking rất nhiều trong thời gian vừa qua ) Hài lòng từ phong cách phục vụ chu đáo của nv Bảo vệ , Lễ tân ,nv Nhà hàng , quầy bar , nv xách hành lý ... Tất cả đều rất okie . Tôi sẽ chọn Ks Minh Toàn Galaxy trong chuyến ctac sắp tới vào ngày 22/7/2016 tiếp theo tại Đà Nẵng . Tks , các bạn !",positive
"Buổi sáng ngon, nhân viên viên nhà hàng phục vụ chu đáo. Phòng ốc sạch sẽ, tiện nghi Nhân viên Lễ Tân chưa thật sự xứng tầm với khách sạn 4 sao",positive
" Bữa sáng ngon,Phòng ở OK, sạch sẽ, nhân viên thân thiện!",positive
"bữa sáng khá ngon, phòng tiện nghi, thích nhất là dịch vụ gội đầu và massage",positive
" Phòng nghỉ chất lượng rất tốt, sạch đẹp; Bữa sáng phong phú, ngon.",positive
"Phòng ốc sạch sẽ, thoải mái, bữa sáng đầy đủ. Chuẩn với tiêu chí 4*. Nhân viên thân thiện",positive
Giường rất thoải mái,positive
"Bữa sáng ngon , phòng đẹp",positive
"Phòng đẹp và mới. View đẹp. dịch vụ tốt chuyên nghiệp, nhân viên nhiệt tình thân thiện. Các nhân viên kinh doanh không ngại support cho phù hợp với nhu cầu của khách hàng mặc dù mình đã thay đổi lịch ngày giờ đến 2 lần.",positive
Rất thích bữa sáng ở đây rất ngon . Vị trí tốt thuận tiện đi lại. Nhân viên nhiệt tình thân thiện. Khu vực hồ bơi có view rất đẹp với thời tiết khá mát mẻ. Mình rất thích cảm giác ngồi trên sân thượng vào buổi chiều mát mẻ với một bình trà ấm áp. Năm sau chắc chắn sẽ quay lại,positive
"Gần bãi biển và xung quanh có nhiều quán ăn, dịch vụ, Khách sạn mới, sạch sẽ, nhân viên thân thiện, nhiệt tình",positive
"sảnh còn chưa vệ sinh đúng chuẩn 4 sao sau 2 chậu lan còn rác sót lại khi nhân viên quét dọn vừa rời đi... door man va staff ở cửa ra vào cười nói huyên thuyên,bỏ chổ đang đứng chạy ra ngoài hút thuốc... Nói chung là tốt nhưng chưa hoàn hão cho tiêu chuẩn 4 sao",negative
"Còn gây khó khăn cho khách, gọi điện thoại và trả lời điện thoại 1 cách cứng nhắt, không linh hoạt trong xử lý tình huống. Giao tiếp còn tẻ nhạt.",negative
nhưng ít đổi món mỗi ngày,negative
Cảm giác không thoải mái,negative
Vị trí hơi xa Trung tâm,negative
" Lễ tân không chuyên nghiệp , sử dụng 2 ngôn ngữ với khách",negative
"Nhiều phòng có cửa thông sang phòng bên cạnh. Điều này là rất tệ khi kỳ nghỉ là lúc cần không gian riêng tư, thoải mái... Quả thực cảm thấy rất không thoải mái vì điều này",negative
"Mạng internet hay bị trục trặc, bữa sáng không được phong phú cho lắm.",negative
"nhà tắm tuy đã có kính che nhưng nước vẫn chảy ra ngoài làm chơn ướt sàn nhà khu vực lavabo,dầu ngội và sữa tăm nên chuyển vào bên trong buồng tắm và có giá để riêng, khăn tắm cũng nên thiết kế để trên cao phía trong buồng tắm",negative
"chỗ thoát nước ở nhà tắm chậm, khi tắm bị ngập bàn chân",negative
"Phòng thiết kế hơi bị gò pó, vòi sen phòng tắm bị rỉ nước phía vòi sen trên trần nên khá bất tiện khi tắm. Nhân viên sảnh ok nhưng vui vẻ hơn thì ok hơn.",negative
"phòng ngủ hơi nhỏ, bữa sáng không được phong phú, quan trọng là đầu bếp nấu không ngon. Nhưng cơ bản là gia đình tôi đã hài lòng khi lưu trú tại đây.",negative
Trần nhà bị thấm từ hồ bơi nằm ở bên trên nên không gian trong phòng nhìn bên trên không được đẹp. Nhân viên hỏi về việc thanh toán tiền trước khi đến ở khách sạn trong khi trên trang booking.com thì lại để thông tin là sẽ thanh toán khi đến ở.,negative
"Bữa sáng ít món ko phong phú, khách đã báo trước giờ đến n khi khách đến ks khoá cửa phải gọi mới mở. Tivi trong phòng ko xem đc do đường truyền kém. Khách báo yêu cầu lễ tân báo thức nhưng ko gọi đến khi khách hỏi thì chỉ nói em quên.",negative
Bữa sáng hơi ít món và đồ ăn hơi nguội.phòng ăn hơi bí.,negative
Mạng internet thi thoảng hơi chậm và chập chờn,negative
giá thấp một chút thì hợp lý hơn,negative
Nhà tắm thiết kế chưa hợp lí,negative
"Ăn sáng ít món, không có trái cây tiếp đón",negative
"Cuộn giấy vệ sinh hơi bé (đặc biết đối với phòng gia đình 4 người), và chỉ có 1 cuộn. Gọi lễ tân xin thêm nhưng phải chờ hơi lâu.",negative
Cách âm chưa tốt nên nghe rõ tiếng động ngoài hành lang. Đồ ăn sáng chưa phong phú.,negative
"Bữa sáng không phong phú, nhân viên bếp phục vụ không nhiệt tình, cần cười nhiều hơn khi đứng trước mặt khách hàng!",negative
"Trong phòng ngủ, trên giường có bụi, mền và gối có mùi .... , phòng cách âm hơi tệ, rất ồn",negative
Trong tủ quần áo vẫn thấy xuất hiện gián,negative
Phí thuê xe mắc quá.,negative
"Nhà tắm nhỏ, tiện nghi chưa ngăn nắp, phòng ốc bí.",negative
Mạng wifi quá chậm,negative
Phòng bé hơn so với 25m Bể bơi nhỏ + ko sạch. Phòng trẻ em bé quá mức,negative
ồn ào vào buổi trưa,negative
Phòng tắm thoát nước chậm,neutral
 Tuy nhiên bữa sáng buffet rất sơ sài 9h mới kết thúc ăn sáng nhưng 8 rưỡi khách xuống đã không còn gì có thể ăn được nữa rồi nên chúng tôi đành đi ăn sáng ở ngoài. Buffet sáng sơ sài và kết thúc sớm trước giờ ghi trên phiếu,negative
"book phòng trên booking thấy có ghi free bữa sáng , nhưng ở qua 2 đêm vẫn k có bữa nào, cũng k ai hỏi là đã dùng bữa hay thông báo mấy h có đồ ăn sáng luôn",negative
tuy nhiên hơi nhỏ nên chỉ phù hợp với trẻ em,negative
"Nhân viên vui vẻ,buffet ngon rất nhiều món,phòng sạch sẽ,thoải mái,đặc biệt có view nhìn ra tp ngắm cảnh vào buổi sáng hoặc buổi tối rất đẹp để chụp hình sống ảo ^^",positive
"Khách sạn mới nên mọi thiết bị và tiện nghi đều mới với thiết kế hiện đại. Phòng rộng, sạch sẽ",positive
"Khách sạn không nằm ở trung tâm thành phố nhưng khá tiện đường đi chùa Linh Ứng, Hội An, Bà Nà..",positive
"Khách sạn mới xây. Phòng rất đẹp và tiện nghi. View biển đẹp. Nhân viên nhiệt tình, lịch sự chu đáo. Ăn sáng ngon. Đáng giá tiền! Sẽ lưu trú vào kỳ nghỉ tới.",positive
"Nhân viên thân thiện, hỗ trợ nhiệt tình, chuyên nghiệp. Khách sạn mới, vị trí đẹp, gần biển.",positive
"Giường và gối rất êm, nằm rất thích. Phòng sạch sẽ, nhân viên thân thiện, dễ thương",positive
"Khách sạn mới rất đẹp, phòng rộng, view biển, thành phố tuyệt vời, nhân viên và quản lý thân thiện, nhiệt tình. Tất cả đều tốt.",positive
Khách sạn còn mới. Nhân viên thân thiện và nhiệt tình ,positive
"Bữa sáng phong phú, phòng mới, sạch sẽ",positive
"nhân viên thân thiện ,vui vẻ ,phòng sạch sẽ, ăn sáng ngon .",positive
Nhân viên phục vụ rất nhiệt tình và vui vẻ,positive
"Khách sạn có view đẹp,vị trí thuận tiện khi đi chơi trong trung tâm thành phố,gần biển,gần sân bay.nhân viên rất nhiệt tình,thân thiện.lần tới nhất định mình sẽ tiếp tục nghỉ tại đây",positive
"Phòng đẹp và sạch sẽ, nhân viên phục vụ rất nhiệt tình, hồ bơi và minibar trên sân thượng rất đẹp",positive
"Đánh giá chung: rất tốt, sẽ quay lại vào những lần sau :)",positive
"Giường thoải mái, nhân viên thân thiện.",positive
"Tôi thích bể bơi ở khách sạn này, bọn trẻ nhà tôi đã rất enjoy,",positive
"khách sạn đẹp, tiện nghi, nhân viên thân thiện xung quanh ks có nhiều hàng quán bể bơi đẹp, có phao cho trẻ em khách sạn hơi xa bờ biển",positive
"Sạch sẽ, tiện nghi, giường thoải mái",positive
"Buffet sáng ok , nhân viên nhiệt tìnhHồ bơi khá lý tưởng",positive
"Nhân viên rất nhiệt tình, dễ thương🙂 ",positive
"Phòng sạch sẽ , nhân viên dễ thương nhiệt tình , giường cực to , view đẹp góc nào cũng có thể sống ảo tại khách sạn , gần biển gần sân bay",positive
"Nhân viên thân thiện ,nhiệt tình",positive
iường + bể bơi tuyệt vời ,positive
"Bữa sáng rất ngon, đủ chất, nhiều món để lựa chọn. Nhân viên lễ tân, phục vụ nhiệt tình chu đáo. Phòng rất đẹp, sạch sẽ.",positive
Hồ bơi rộng rãi. Bữa sáng đa dạng.Mọ thứ đều tốt.,positive
Bữa sáng khá ngon,positive
Nhân viên nhiệt tình,positive
Tiện nghi khách sạn tốt,positive
"Nhân viên dễ thương, thân thiện",positive
Bữa sáng rất hợp khẩu vị.Nhân viên thân thiện.Phòng sạch sẽ & hợp giá tiền,positive
"Bữa sáng rất ngon, thay đổi món từng ngày. Hồ bơi có tầm nhìn rất tuyệt",positive
" Phòng sạch sẽ, thoải mái.",positive
"Khách sạn hình như mới khai trương nên còn rất mới, phòng ốc rất thoáng, sạch sẽ và thoải mái",positive
"Khách sạn mới xây nên phòng ốc còn rất mới, sạch sẽ. Nhân viên nhiệt tình. Địa điểm thuận tiện, rất gần sân bay, xung quanh có nhiều nơi ăn uống. Bữa trưa gia đình đặt ở nhà hàng rất ngon và rẻ.",positive
Bữa sáng còn sơ sài. Phòng nhỏ,negative
Thời giàn phục vụ buổi sáng nên dài hơn,negative
Bữa sáng không hợp khẩu vị mình. Ăn rất chán huhu,negative
"Ăn sáng không ngon , ít món đồ ăn nguội",negative
" Điều hoà chậm làm mát và k mát lắm, phải dùng thêm quạt",negative
Máy lạnh và tivi thật sự không được tốt,negative
tuy nhiên phòng vệ sinh chật hẹp,negative
"Máy lạnh k mát, thức ăn sáng nguội, thang máy ngoài trời và k có máy lạnh.",negative
"Hơi xa trung tâm, xa siêu thị, nhà hàng và chỗ vui chơi giải trí, khó tìm chỗ ăn trưa và ăn tối.",negative
Mình book phòng double nhưng khách sạn không sắp xếp được do khách cũ ở thêm nên bị chuyển sang phòng twin 2 giường. Tuy nhiên phòng rất rộng và đẹp nên không vấn đề lắm.,neutral
đặt qua booking mình thấy giá so với chất lượng là khá ok buffet sáng ko có gì tượng.,neutral
 Lúc đầu nhận phòng có chút nhầm lẫn nhưng sau hỏi lại thì nhân viên đã đổi sang đúng loại phòng book.Nhân viên nên check phòng kĩ chút tuy nhiên không ảnh hưởng gì mấy,neutral
Phòng rộng vừa phải,neutral
Không có gì đặc biệt Nấu bữa sáng bằng Phở gói rất khó ăn,neutral
Bữa sáng bình thường,neutral
Chị lễ tân thân thiện. phòng ốc sạch sẽ đầy đủ tiện nghi,positive
"Giường khá thoải mái, có cửa số nhìn ra biển",positive
"Phòng mới, sạch sẽ. Cô chủ thân thiện",positive
Wifi yếu 😓 Hầu như k xài đc khi ở trong phòng,negative
"Mình đặt giường king size nhưng ksan chỉ có giường 1,4, mình không hài lòng.",negative
Xa các điểm vui chơi,negative
Khsan nằm khuất bên trong nên gọi taxi phải chờ lâu,negative
Xa trung tâm,negative
Điều hòa không mát cho lắm,negative
"Dịch vụ cho thuê xe máy không tốt (xe số yếu, lên đỉnh Bàn cờ số 1 chạy muốn ko nổi, gương chiếu hậu không quan sát được phía sau). Không nói rõ cho khách nước suối cái nào tính tiền, cái nào miễn phí.",negative
"không có nhân viên dọn phòng hằng ngày, cửa trong phòng chốt không ăn, ko có thang máy lên tầng 6, có bếp nhưng không có chén đũa và đồ dùng. KS cần cải thiện để phục vụ khách dc tốt hơn",negative
"Wifi hơi yếu, cần khuyếch tán wifi và cách âm chưa được tốt lắm. Tuy nhiên điều đó không quá ảnh hưởng, nếu được khắc phục sẽ hoàn hảo hơn !",negative
"Lễ tân đón tiếp trong trạng thái buồn ngủ, không cho phép khách checkout muộn, nhân viên fake khách để khen khách sạn trên fb, chăn hay bị tung ra, điều hòa yếu, nhiều ruồi",negative
"Wifi ở phòng hầu như không thể vào được, cửa phòng không thể khóa trái",negative
"Khăn tắm sặc mùi clo, mì tôm trong phòng đã hết hạn, khi chúng tôi nhận ra thì đã ăn 2 hộp đó; và chúng tôi vẫn phải trả tiền cho 2 hộp mì đã hết hạn đấy Wifi quá tệ, chỉ có thể truy cập với tốc độ con rùa khi cửa phòng đã mở toang hoác!",negative
Kế bên trường mẫu giáo nên hơi ồn,negative
Điều hoà ko thể chỉnh được nhiệt độ,negative
Chỗ để xe không có mái che nên khi để xe máy rất nắng,negative
"phòng ngột ngạt, thiếu không khí.",negative
 Nên cách âm tốt hơn một chút.,negative
"bữa sáng quá tệ, ăn phải mì hết hạn nhưng vẫn tính tiền bữa sáng quá tệ, ăn phải mì hết hạn nhưng vẫn tính tiền",negative
Nên thay đồ mới trong phòng mỗi ngày khi khách đã ra ngoài.,negative
Điều hòa phòng 502 hơi yếu.,negative
Không có máy tính để khách có thể truy cập mạng,negative
" Nước từ vòi hoa sen chảy ra còn yếu, bất tiện khi sử dụng",negative
"Phòng tầng 6 k có thang máy lên thẳng, nước yếu.",negative
"Bất tiện khi đi thang bộ từ lầu 5 lên lầu 6. Toilet không tốt khi hệ thống nước cấp quá yếu , cửa toilet không đóng được",negative
"Cách âm không tốt, lúc tối khuya vẫn nghe tiếng ồn từ các phòng trên lầu.",negative
bà chủ nhà nghỉ có vẻ hơi khó tính.,negative
"Bữa sáng chưa thực sự ổn lắm. Nhà mình 2 ngày 7.30 lên ăn sáng, đồ ăn đã hết. Cửa sổ các phòng nên có tấm lan can chắn. Vì gia đình đi chơi bao giở cũng có trẻ em, khách sạn để phòng như thế có tỷ lệ rủi ro rất cao.",negative
Bữa ăn sáng không ngon như các khách sạn 4**** khác,negative
"Giường nệm lò xo, nhưng nệm xẹp đi còn lò xo nên nằm cấn lưng và mỗi lần trở mình lại có âm thanh ồn ào, máy nước nóng và ti vi không sử dụng được, khi đặt phòng giá khác khi trả phòng lại lên giá bảo do tỉ giá đô lên.",negative
Ăn sáng bình thường ,neutral
Thiết kế nhà vệ sinh chưa thuận tiện. Bữa sáng nên kéo dài lâu hơn.,negative
Cách âm phòng vs phòng tắm và khu vực ngoài chưa hoàn hảo lắm,negative
nhân viên bảo ko biết dịch vụ booking là gì nên mình phải bỏ tiền ra đặt bảng giá niêm yết của khách,negative
ữa sáng không nhiều món lắm nhưng cũng khá ổn,negative
"Điểm tâm nghèo nàn, phục vụ thiếu chuyên nghiệp.., theo kiểu gia đình.",negative
"Ăn buffet sáng mà gọi như ngoài quán, ăn uống có giới hạn, ko dc gọi thêm",negative
ữa sáng đồ ăn chưa được phong phú lắm,negative
"Mình nhận phòng xong cảm thấy rất thất vọng vì khi bước vào phòng cảm nhận rõ rệt nhất là mùi ẩm mốc, xuống cấp của phòng, thêm vào đó là điện ko ổn định, phòng ko có đủ tiện nghi so với mức giá mà mình bỏ ra. Mình đến 1 lần và sẽ ko có ý định quay lại đây ở nữa :)",negative
" Mình hỏi bản đồ thì Nv kêu hết, hỏi thêm rằng bạn có gợi ý gì cho mình khi thăm Đà Năng k thì bạn ấy ngơ ngơ, kiểu thờ ờ. K hướng dẫn gì về bữa sáng hay wifi. Giường dorm thì trở mình là kêu cọt kẹt, cảm giác thở mạnh thôi cũng phát ra tiếng động làm ảnh hưởng người khác",negative
Nên thay ga giường thường xuyên hơn cho khách.,negative
Nệm không được êm lắm,negative
phòng ko rộng như trong ảnh. Giá phòng đắt.,negative
Hơi nhiều muỗi vào mùa mưa Phòng hơi ít ổ cắm điện,negative
